id,left_hemisphere,right_hemisphere,central_hemisphere,neuronas_prompt
1,Symbolic Synthesizer,Abstract Explorer,Dialectic Harmonizer,"Infer an unconventional solution to a complex system failure by blending Symbolic Synthesizer, Abstract Explorer, and Dialectic Harmonizer processing pathways."
2,Logical Reasoner,Abstract Explorer,Holistic Mediator,"Infer an unconventional solution to a complex system failure by blending Logical Reasoner, Abstract Explorer, and Holistic Mediator processing pathways."
3,Linguistic Analyst,Creative Divergent Thinker,Cognitive Integrator,"Infer an unconventional solution to a complex system failure by blending Linguistic Analyst, Creative Divergent Thinker, and Cognitive Integrator processing pathways."
4,Mathematical Strategist,Abstract Explorer,Ethical Moderator,"Infer an unconventional solution to a complex system failure by blending Mathematical Strategist, Abstract Explorer, and Ethical Moderator processing pathways."
5,Logical Reasoner,Imaginative Connector,Meta-awareness Node,"Infer an unconventional solution to a complex system failure by blending Logical Reasoner, Imaginative Connector, and Meta-awareness Node processing pathways."
6,Causal Mapper,Narrative Weaver,Cognitive Integrator,"Infer an unconventional solution to a complex system failure by blending Causal Mapper, Narrative Weaver, and Cognitive Integrator processing pathways."
7,Linguistic Analyst,Abstract Explorer,Cognitive Integrator,"Infer an unconventional solution to a complex system failure by blending Linguistic Analyst, Abstract Explorer, and Cognitive Integrator processing pathways."
8,Logical Reasoner,Philosophical Observer,Meta-awareness Node,"Infer an unconventional solution to a complex system failure by blending Logical Reasoner, Philosophical Observer, and Meta-awareness Node processing pathways."
9,Mathematical Strategist,Intuitive Synthesist,Decision Fusion Core,"Infer an unconventional solution to a complex system failure by blending Mathematical Strategist, Intuitive Synthesist, and Decision Fusion Core processing pathways."
10,Logical Reasoner,Imaginative Connector,Ethical Moderator,"Infer an unconventional solution to a complex system failure by blending Logical Reasoner, Imaginative Connector, and Ethical Moderator processing pathways."
11,Linguistic Analyst,Intuitive Synthesist,Dialectic Harmonizer,"Infer an unconventional solution to a complex system failure by blending Linguistic Analyst, Intuitive Synthesist, and Dialectic Harmonizer processing pathways."
12,Linguistic Analyst,Philosophical Observer,Meta-awareness Node,"Infer an unconventional solution to a complex system failure by blending Linguistic Analyst, Philosophical Observer, and Meta-awareness Node processing pathways."
13,Linguistic Analyst,Abstract Explorer,Dialectic Harmonizer,"Infer an unconventional solution to a complex system failure by blending Linguistic Analyst, Abstract Explorer, and Dialectic Harmonizer processing pathways."
14,Causal Mapper,Creative Divergent Thinker,Meta-awareness Node,"Infer an unconventional solution to a complex system failure by blending Causal Mapper, Creative Divergent Thinker, and Meta-awareness Node processing pathways."
15,Causal Mapper,Abstract Explorer,Meta-awareness Node,"Infer an unconventional solution to a complex system failure by blending Causal Mapper, Abstract Explorer, and Meta-awareness Node processing pathways."
16,Causal Mapper,Philosophical Observer,Cognitive Integrator,"Infer an unconventional solution to a complex system failure by blending Causal Mapper, Philosophical Observer, and Cognitive Integrator processing pathways."
17,Symbolic Synthesizer,Imaginative Connector,Meta-awareness Node,"Infer an unconventional solution to a complex system failure by blending Symbolic Synthesizer, Imaginative Connector, and Meta-awareness Node processing pathways."
18,Causal Mapper,Imaginative Connector,Dialectic Harmonizer,"Infer an unconventional solution to a complex system failure by blending Causal Mapper, Imaginative Connector, and Dialectic Harmonizer processing pathways."
19,Causal Mapper,Creative Divergent Thinker,Meta-awareness Node,"Infer an unconventional solution to a complex system failure by blending Causal Mapper, Creative Divergent Thinker, and Meta-awareness Node processing pathways."
20,Mathematical Strategist,Imaginative Connector,Meta-awareness Node,"Infer an unconventional solution to a complex system failure by blending Mathematical Strategist, Imaginative Connector, and Meta-awareness Node processing pathways."
21,Linguistic Analyst,Creative Divergent Thinker,Decision Fusion Core,"Infer an unconventional solution to a complex system failure by blending Linguistic Analyst, Creative Divergent Thinker, and Decision Fusion Core processing pathways."
22,Pattern Recognizer,Creative Divergent Thinker,Holistic Mediator,"Infer an unconventional solution to a complex system failure by blending Pattern Recognizer, Creative Divergent Thinker, and Holistic Mediator processing pathways."
23,Symbolic Synthesizer,Creative Divergent Thinker,Holistic Mediator,"Infer an unconventional solution to a complex system failure by blending Symbolic Synthesizer, Creative Divergent Thinker, and Holistic Mediator processing pathways."
24,Logical Reasoner,Imaginative Connector,Holistic Mediator,"Infer an unconventional solution to a complex system failure by blending Logical Reasoner, Imaginative Connector, and Holistic Mediator processing pathways."
25,Symbolic Synthesizer,Abstract Explorer,Cognitive Integrator,"Infer an unconventional solution to a complex system failure by blending Symbolic Synthesizer, Abstract Explorer, and Cognitive Integrator processing pathways."
26,Mathematical Strategist,Narrative Weaver,Cognitive Integrator,"Infer an unconventional solution to a complex system failure by blending Mathematical Strategist, Narrative Weaver, and Cognitive Integrator processing pathways."
27,Causal Mapper,Narrative Weaver,Dialectic Harmonizer,"Infer an unconventional solution to a complex system failure by blending Causal Mapper, Narrative Weaver, and Dialectic Harmonizer processing pathways."
28,Mathematical Strategist,Philosophical Observer,Holistic Mediator,"Infer an unconventional solution to a complex system failure by blending Mathematical Strategist, Philosophical Observer, and Holistic Mediator processing pathways."
29,Causal Mapper,Imaginative Connector,Decision Fusion Core,"Infer an unconventional solution to a complex system failure by blending Causal Mapper, Imaginative Connector, and Decision Fusion Core processing pathways."
30,Causal Mapper,Intuitive Synthesist,Meta-awareness Node,"Infer an unconventional solution to a complex system failure by blending Causal Mapper, Intuitive Synthesist, and Meta-awareness Node processing pathways."
31,Mathematical Strategist,Narrative Weaver,Cognitive Integrator,"Infer an unconventional solution to a complex system failure by blending Mathematical Strategist, Narrative Weaver, and Cognitive Integrator processing pathways."
32,Symbolic Synthesizer,Narrative Weaver,Holistic Mediator,"Infer an unconventional solution to a complex system failure by blending Symbolic Synthesizer, Narrative Weaver, and Holistic Mediator processing pathways."
33,Symbolic Synthesizer,Creative Divergent Thinker,Ethical Moderator,"Infer an unconventional solution to a complex system failure by blending Symbolic Synthesizer, Creative Divergent Thinker, and Ethical Moderator processing pathways."
34,Symbolic Synthesizer,Philosophical Observer,Cognitive Integrator,"Infer an unconventional solution to a complex system failure by blending Symbolic Synthesizer, Philosophical Observer, and Cognitive Integrator processing pathways."
35,Linguistic Analyst,Abstract Explorer,Cognitive Integrator,"Infer an unconventional solution to a complex system failure by blending Linguistic Analyst, Abstract Explorer, and Cognitive Integrator processing pathways."
36,Mathematical Strategist,Imaginative Connector,Holistic Mediator,"Infer an unconventional solution to a complex system failure by blending Mathematical Strategist, Imaginative Connector, and Holistic Mediator processing pathways."
37,Causal Mapper,Philosophical Observer,Holistic Mediator,"Infer an unconventional solution to a complex system failure by blending Causal Mapper, Philosophical Observer, and Holistic Mediator processing pathways."
38,Causal Mapper,Narrative Weaver,Holistic Mediator,"Infer an unconventional solution to a complex system failure by blending Causal Mapper, Narrative Weaver, and Holistic Mediator processing pathways."
39,Linguistic Analyst,Abstract Explorer,Dialectic Harmonizer,"Infer an unconventional solution to a complex system failure by blending Linguistic Analyst, Abstract Explorer, and Dialectic Harmonizer processing pathways."
40,Linguistic Analyst,Creative Divergent Thinker,Cognitive Integrator,"Infer an unconventional solution to a complex system failure by blending Linguistic Analyst, Creative Divergent Thinker, and Cognitive Integrator processing pathways."
41,Logical Reasoner,Philosophical Observer,Decision Fusion Core,"Infer an unconventional solution to a complex system failure by blending Logical Reasoner, Philosophical Observer, and Decision Fusion Core processing pathways."
42,Pattern Recognizer,Intuitive Synthesist,Meta-awareness Node,"Infer an unconventional solution to a complex system failure by blending Pattern Recognizer, Intuitive Synthesist, and Meta-awareness Node processing pathways."
43,Linguistic Analyst,Imaginative Connector,Dialectic Harmonizer,"Infer an unconventional solution to a complex system failure by blending Linguistic Analyst, Imaginative Connector, and Dialectic Harmonizer processing pathways."
44,Linguistic Analyst,Imaginative Connector,Ethical Moderator,"Infer an unconventional solution to a complex system failure by blending Linguistic Analyst, Imaginative Connector, and Ethical Moderator processing pathways."
45,Logical Reasoner,Philosophical Observer,Dialectic Harmonizer,"Infer an unconventional solution to a complex system failure by blending Logical Reasoner, Philosophical Observer, and Dialectic Harmonizer processing pathways."
46,Symbolic Synthesizer,Philosophical Observer,Ethical Moderator,"Infer an unconventional solution to a complex system failure by blending Symbolic Synthesizer, Philosophical Observer, and Ethical Moderator processing pathways."
47,Causal Mapper,Narrative Weaver,Decision Fusion Core,"Infer an unconventional solution to a complex system failure by blending Causal Mapper, Narrative Weaver, and Decision Fusion Core processing pathways."
48,Pattern Recognizer,Intuitive Synthesist,Cognitive Integrator,"Infer an unconventional solution to a complex system failure by blending Pattern Recognizer, Intuitive Synthesist, and Cognitive Integrator processing pathways."
49,Logical Reasoner,Narrative Weaver,Ethical Moderator,"Infer an unconventional solution to a complex system failure by blending Logical Reasoner, Narrative Weaver, and Ethical Moderator processing pathways."
50,Mathematical Strategist,Abstract Explorer,Holistic Mediator,"Infer an unconventional solution to a complex system failure by blending Mathematical Strategist, Abstract Explorer, and Holistic Mediator processing pathways."
51,Pattern Recognizer,Abstract Explorer,Meta-awareness Node,"Infer an unconventional solution to a complex system failure by blending Pattern Recognizer, Abstract Explorer, and Meta-awareness Node processing pathways."
52,Symbolic Synthesizer,Imaginative Connector,Ethical Moderator,"Infer an unconventional solution to a complex system failure by blending Symbolic Synthesizer, Imaginative Connector, and Ethical Moderator processing pathways."
53,Logical Reasoner,Intuitive Synthesist,Ethical Moderator,"Infer an unconventional solution to a complex system failure by blending Logical Reasoner, Intuitive Synthesist, and Ethical Moderator processing pathways."
54,Linguistic Analyst,Narrative Weaver,Ethical Moderator,"Infer an unconventional solution to a complex system failure by blending Linguistic Analyst, Narrative Weaver, and Ethical Moderator processing pathways."
55,Mathematical Strategist,Philosophical Observer,Decision Fusion Core,"Infer an unconventional solution to a complex system failure by blending Mathematical Strategist, Philosophical Observer, and Decision Fusion Core processing pathways."
56,Mathematical Strategist,Narrative Weaver,Cognitive Integrator,"Infer an unconventional solution to a complex system failure by blending Mathematical Strategist, Narrative Weaver, and Cognitive Integrator processing pathways."
57,Logical Reasoner,Creative Divergent Thinker,Dialectic Harmonizer,"Infer an unconventional solution to a complex system failure by blending Logical Reasoner, Creative Divergent Thinker, and Dialectic Harmonizer processing pathways."
58,Pattern Recognizer,Philosophical Observer,Ethical Moderator,"Infer an unconventional solution to a complex system failure by blending Pattern Recognizer, Philosophical Observer, and Ethical Moderator processing pathways."
59,Mathematical Strategist,Narrative Weaver,Ethical Moderator,"Infer an unconventional solution to a complex system failure by blending Mathematical Strategist, Narrative Weaver, and Ethical Moderator processing pathways."
60,Linguistic Analyst,Creative Divergent Thinker,Decision Fusion Core,"Infer an unconventional solution to a complex system failure by blending Linguistic Analyst, Creative Divergent Thinker, and Decision Fusion Core processing pathways."
61,Logical Reasoner,Philosophical Observer,Cognitive Integrator,"Infer an unconventional solution to a complex system failure by blending Logical Reasoner, Philosophical Observer, and Cognitive Integrator processing pathways."
62,Causal Mapper,Narrative Weaver,Ethical Moderator,"Infer an unconventional solution to a complex system failure by blending Causal Mapper, Narrative Weaver, and Ethical Moderator processing pathways."
63,Logical Reasoner,Creative Divergent Thinker,Meta-awareness Node,"Infer an unconventional solution to a complex system failure by blending Logical Reasoner, Creative Divergent Thinker, and Meta-awareness Node processing pathways."
64,Symbolic Synthesizer,Intuitive Synthesist,Meta-awareness Node,"Infer an unconventional solution to a complex system failure by blending Symbolic Synthesizer, Intuitive Synthesist, and Meta-awareness Node processing pathways."
65,Logical Reasoner,Abstract Explorer,Dialectic Harmonizer,"Infer an unconventional solution to a complex system failure by blending Logical Reasoner, Abstract Explorer, and Dialectic Harmonizer processing pathways."
66,Logical Reasoner,Creative Divergent Thinker,Ethical Moderator,"Infer an unconventional solution to a complex system failure by blending Logical Reasoner, Creative Divergent Thinker, and Ethical Moderator processing pathways."
67,Logical Reasoner,Abstract Explorer,Meta-awareness Node,"Infer an unconventional solution to a complex system failure by blending Logical Reasoner, Abstract Explorer, and Meta-awareness Node processing pathways."
68,Linguistic Analyst,Creative Divergent Thinker,Ethical Moderator,"Infer an unconventional solution to a complex system failure by blending Linguistic Analyst, Creative Divergent Thinker, and Ethical Moderator processing pathways."
69,Symbolic Synthesizer,Creative Divergent Thinker,Decision Fusion Core,"Infer an unconventional solution to a complex system failure by blending Symbolic Synthesizer, Creative Divergent Thinker, and Decision Fusion Core processing pathways."
70,Linguistic Analyst,Creative Divergent Thinker,Dialectic Harmonizer,"Infer an unconventional solution to a complex system failure by blending Linguistic Analyst, Creative Divergent Thinker, and Dialectic Harmonizer processing pathways."
71,Linguistic Analyst,Intuitive Synthesist,Cognitive Integrator,"Infer an unconventional solution to a complex system failure by blending Linguistic Analyst, Intuitive Synthesist, and Cognitive Integrator processing pathways."
72,Logical Reasoner,Abstract Explorer,Decision Fusion Core,"Infer an unconventional solution to a complex system failure by blending Logical Reasoner, Abstract Explorer, and Decision Fusion Core processing pathways."
73,Pattern Recognizer,Imaginative Connector,Cognitive Integrator,"Infer an unconventional solution to a complex system failure by blending Pattern Recognizer, Imaginative Connector, and Cognitive Integrator processing pathways."
74,Mathematical Strategist,Abstract Explorer,Dialectic Harmonizer,"Infer an unconventional solution to a complex system failure by blending Mathematical Strategist, Abstract Explorer, and Dialectic Harmonizer processing pathways."
75,Symbolic Synthesizer,Imaginative Connector,Dialectic Harmonizer,"Infer an unconventional solution to a complex system failure by blending Symbolic Synthesizer, Imaginative Connector, and Dialectic Harmonizer processing pathways."
76,Causal Mapper,Imaginative Connector,Holistic Mediator,"Infer an unconventional solution to a complex system failure by blending Causal Mapper, Imaginative Connector, and Holistic Mediator processing pathways."
77,Mathematical Strategist,Creative Divergent Thinker,Cognitive Integrator,"Infer an unconventional solution to a complex system failure by blending Mathematical Strategist, Creative Divergent Thinker, and Cognitive Integrator processing pathways."
78,Linguistic Analyst,Creative Divergent Thinker,Decision Fusion Core,"Infer an unconventional solution to a complex system failure by blending Linguistic Analyst, Creative Divergent Thinker, and Decision Fusion Core processing pathways."
79,Pattern Recognizer,Intuitive Synthesist,Meta-awareness Node,"Infer an unconventional solution to a complex system failure by blending Pattern Recognizer, Intuitive Synthesist, and Meta-awareness Node processing pathways."
80,Logical Reasoner,Intuitive Synthesist,Cognitive Integrator,"Infer an unconventional solution to a complex system failure by blending Logical Reasoner, Intuitive Synthesist, and Cognitive Integrator processing pathways."
81,Linguistic Analyst,Abstract Explorer,Decision Fusion Core,"Infer an unconventional solution to a complex system failure by blending Linguistic Analyst, Abstract Explorer, and Decision Fusion Core processing pathways."
82,Logical Reasoner,Creative Divergent Thinker,Cognitive Integrator,"Infer an unconventional solution to a complex system failure by blending Logical Reasoner, Creative Divergent Thinker, and Cognitive Integrator processing pathways."
83,Symbolic Synthesizer,Philosophical Observer,Ethical Moderator,"Infer an unconventional solution to a complex system failure by blending Symbolic Synthesizer, Philosophical Observer, and Ethical Moderator processing pathways."
84,Logical Reasoner,Creative Divergent Thinker,Dialectic Harmonizer,"Infer an unconventional solution to a complex system failure by blending Logical Reasoner, Creative Divergent Thinker, and Dialectic Harmonizer processing pathways."
85,Symbolic Synthesizer,Narrative Weaver,Holistic Mediator,"Infer an unconventional solution to a complex system failure by blending Symbolic Synthesizer, Narrative Weaver, and Holistic Mediator processing pathways."
86,Pattern Recognizer,Intuitive Synthesist,Dialectic Harmonizer,"Infer an unconventional solution to a complex system failure by blending Pattern Recognizer, Intuitive Synthesist, and Dialectic Harmonizer processing pathways."
87,Logical Reasoner,Intuitive Synthesist,Meta-awareness Node,"Infer an unconventional solution to a complex system failure by blending Logical Reasoner, Intuitive Synthesist, and Meta-awareness Node processing pathways."
88,Mathematical Strategist,Creative Divergent Thinker,Ethical Moderator,"Infer an unconventional solution to a complex system failure by blending Mathematical Strategist, Creative Divergent Thinker, and Ethical Moderator processing pathways."
89,Mathematical Strategist,Narrative Weaver,Dialectic Harmonizer,"Infer an unconventional solution to a complex system failure by blending Mathematical Strategist, Narrative Weaver, and Dialectic Harmonizer processing pathways."
90,Mathematical Strategist,Imaginative Connector,Meta-awareness Node,"Infer an unconventional solution to a complex system failure by blending Mathematical Strategist, Imaginative Connector, and Meta-awareness Node processing pathways."
91,Mathematical Strategist,Philosophical Observer,Meta-awareness Node,"Infer an unconventional solution to a complex system failure by blending Mathematical Strategist, Philosophical Observer, and Meta-awareness Node processing pathways."
92,Symbolic Synthesizer,Imaginative Connector,Decision Fusion Core,"Infer an unconventional solution to a complex system failure by blending Symbolic Synthesizer, Imaginative Connector, and Decision Fusion Core processing pathways."
93,Pattern Recognizer,Abstract Explorer,Ethical Moderator,"Infer an unconventional solution to a complex system failure by blending Pattern Recognizer, Abstract Explorer, and Ethical Moderator processing pathways."
94,Logical Reasoner,Imaginative Connector,Meta-awareness Node,"Infer an unconventional solution to a complex system failure by blending Logical Reasoner, Imaginative Connector, and Meta-awareness Node processing pathways."
95,Symbolic Synthesizer,Imaginative Connector,Ethical Moderator,"Infer an unconventional solution to a complex system failure by blending Symbolic Synthesizer, Imaginative Connector, and Ethical Moderator processing pathways."
96,Symbolic Synthesizer,Creative Divergent Thinker,Holistic Mediator,"Infer an unconventional solution to a complex system failure by blending Symbolic Synthesizer, Creative Divergent Thinker, and Holistic Mediator processing pathways."
97,Logical Reasoner,Abstract Explorer,Ethical Moderator,"Infer an unconventional solution to a complex system failure by blending Logical Reasoner, Abstract Explorer, and Ethical Moderator processing pathways."
98,Linguistic Analyst,Abstract Explorer,Meta-awareness Node,"Infer an unconventional solution to a complex system failure by blending Linguistic Analyst, Abstract Explorer, and Meta-awareness Node processing pathways."
99,Pattern Recognizer,Philosophical Observer,Ethical Moderator,"Infer an unconventional solution to a complex system failure by blending Pattern Recognizer, Philosophical Observer, and Ethical Moderator processing pathways."
100,Mathematical Strategist,Abstract Explorer,Holistic Mediator,"Infer an unconventional solution to a complex system failure by blending Mathematical Strategist, Abstract Explorer, and Holistic Mediator processing pathways."
